,Origin,Destination
3,Philadelphia,New Jersey
4,Pennsylvania,Philadelphia
7,New Jersey,Philadelphia
9,New Jersey,Philadelphia
14,England,Philadelphia
15,England,Philadelphia
16,Philadelphia,Pennsylvania
18,Delaware,Philadelphia
19,England,Philadelphia
21,England,Philadelphia
22,England,Philadelphia
40,Philadelphia,New Jersey
48,Philadelphia,New Jersey
52,Philadelphia,Maryland
55,Philadelphia,New Jersey
56,Philadelphia,New York (State)
57,Philadelphia,England
58,Pennsylvania,Philadelphia
61,Pennsylvania,Philadelphia
64,Susquehanna County,Philadelphia
65,Susquehanna County,Philadelphia
68,Susquehanna County,Philadelphia
69,Susquehanna County,Philadelphia
70,Susquehanna County,Philadelphia
72,Susquehanna County,Philadelphia
73,Susquehanna County,Philadelphia
76,Susquehanna County,Philadelphia
78,Susquehanna County,Philadelphia
80,Susquehanna County,Philadelphia
82,Philadelphia,New York (State)
83,Massachusetts,Philadelphia
86,Susquehanna County,Philadelphia
88,Susquehanna County,Philadelphia
89,Susquehanna County,Philadelphia
90,Susquehanna County,Philadelphia
91,Susquehanna County,Philadelphia
92,New York (State),Philadelphia
93,Susquehanna County,Philadelphia
94,Susquehanna County,Philadelphia
95,Susquehanna County,Philadelphia
96,Susquehanna County,Philadelphia
97,Susquehanna County,Philadelphia
98,Susquehanna County,Philadelphia
101,Susquehanna County,Philadelphia
102,England,Philadelphia
105,Susquehanna County,Philadelphia
108,Susquehanna County,Philadelphia
110,Philadelphia,New Jersey
115,Pennsylvania,Philadelphia
116,Pennsylvania,Philadelphia
118,Susquehanna County,Philadelphia
120,Pennsylvania,Philadelphia
121,Pennsylvania,Philadelphia
125,Pennsylvania,Philadelphia
126,Susquehanna County,Philadelphia
127,Pennsylvania,Philadelphia
128,Washington (D.C.),Philadelphia
129,Pennsylvania,Philadelphia
130,New York (State),Philadelphia
135,Philadelphia,New Jersey
136,Susquehanna County,Philadelphia
137,Susquehanna County,Philadelphia
138,Pennsylvania,Philadelphia
139,North Carolina,Philadelphia
140,New York (State),Philadelphia
141,Susquehanna County,Philadelphia
147,Susquehanna County,Philadelphia
148,Philadelphia,Pennsylvania
150,Philadelphia,Susquehanna County
151,Philadelphia,Susquehanna County
152,Philadelphia,Pennsylvania
153,Philadelphia,Pennsylvania
156,Pennsylvania,Philadelphia
162,Philadelphia,New Jersey
163,Philadelphia,New Jersey
164,North Carolina,Philadelphia
165,New Jersey,New Jersey
166,Susquehanna County,Philadelphia
168,Philadelphia,New Jersey
170,Philadelphia,Susquehanna County
171,Pennsylvania,Philadelphia
172,Susquehanna County,Philadelphia
175,Pennsylvania,Susquehanna County
177,Philadelphia,New Jersey
178,Philadelphia,England
179,Philadelphia,England
180,Philadelphia,England
182,Pennsylvania,Philadelphia
187,Philadelphia,Madeira (Madeira Islands)
188,Philadelphia,Madeira (Madeira Islands)
189,Philadelphia,Madeira (Madeira Islands)
193,Philadelphia,Madeira (Madeira Islands)
194,Philadelphia,Madeira (Madeira Islands)
195,Philadelphia,Madeira (Madeira Islands)
196,Pennsylvania,Philadelphia
197,Kentucky,Philadelphia
198,New York (State),Philadelphia
199,Susquehanna County,Philadelphia
200,Philadelphia,England
201,Philadelphia,England
202,Susquehanna County,Philadelphia
203,Susquehanna County,England
204,Susquehanna County,Philadelphia
207,Philadelphia,England
208,France,Philadelphia
209,Susquehanna County,Philadelphia
210,Pennsylvania,Philadelphia
211,Pennsylvania,Philadelphia
212,Pennsylvania,Philadelphia
213,Pennsylvania,Philadelphia
214,Susquehanna County,Philadelphia
215,Pennsylvania,Philadelphia
216,Pennsylvania,Philadelphia
217,Pennsylvania,Philadelphia
218,Pennsylvania,Philadelphia
219,Pennsylvania,Philadelphia
220,Philadelphia,Pennsylvania
221,Pennsylvania,Philadelphia
222,Philadelphia,Pennsylvania
223,Pennsylvania,Philadelphia
224,Pennsylvania,Philadelphia
226,Susquehanna County,Philadelphia
227,Pennsylvania,Philadelphia
228,Pennsylvania,Philadelphia
229,England,Philadelphia
230,Philadelphia,Pennsylvania
231,Pennsylvania,Philadelphia
232,Susquehanna County,Philadelphia
233,Pennsylvania,Philadelphia
234,Pennsylvania,Philadelphia
235,Pennsylvania,Philadelphia
237,Pennsylvania,Philadelphia
238,Philadelphia,Pennsylvania
239,Pennsylvania,Philadelphia
240,Susquehanna County,Philadelphia
241,Pennsylvania,Philadelphia
243,Pennsylvania,Philadelphia
244,Philadelphia,Pennsylvania
246,New Jersey,Philadelphia
247,Philadelphia,Pennsylvania
248,Pennsylvania,Philadelphia
249,Philadelphia,Pennsylvania
250,Pennsylvania,Philadelphia
251,Pennsylvania,Philadelphia
252,Philadelphia,Pennsylvania
253,Susquehanna County,Philadelphia
254,Pennsylvania,Philadelphia
255,Pennsylvania,Philadelphia
256,Pennsylvania,Philadelphia
257,Pennsylvania,Philadelphia
258,Virginia,Philadelphia
259,Pennsylvania,Philadelphia
261,Pennsylvania,Philadelphia
262,Pennsylvania,Philadelphia
263,Pennsylvania,Philadelphia
264,Pennsylvania,Philadelphia
265,Pennsylvania,Philadelphia
266,Rhode Island,Pennsylvania
268,Pennsylvania,Ohio
269,Susquehanna County,Philadelphia
270,Philadelphia,Pennsylvania
271,Susquehanna County,Philadelphia
272,Pennsylvania,Philadelphia
273,Pennsylvania,Philadelphia
274,Pennsylvania,Philadelphia
275,Pennsylvania,Philadelphia
278,Pennsylvania,Philadelphia
279,Susquehanna County,Philadelphia
283,Susquehanna County,Philadelphia
284,Pennsylvania,Philadelphia
286,Pennsylvania,Philadelphia
287,Pennsylvania,Philadelphia
292,Pennsylvania,Philadelphia
293,Susquehanna County,Philadelphia
294,Pennsylvania,Philadelphia
296,Pennsylvania,Philadelphia
297,Pennsylvania,Philadelphia
298,Philadelphia,Pennsylvania
299,Susquehanna County,Philadelphia
300,Pennsylvania,Philadelphia
301,Pennsylvania,Philadelphia
302,Pennsylvania,Philadelphia
303,Susquehanna County,Philadelphia
305,Susquehanna County,Philadelphia
306,Philadelphia,Susquehanna County
307,Susquehanna County,Philadelphia
308,Susquehanna County,Philadelphia
309,Pennsylvania,Philadelphia
311,Susquehanna County,Philadelphia
312,Pennsylvania,Philadelphia
313,Pennsylvania,Philadelphia
314,Pennsylvania,Philadelphia
315,Susquehanna County,Philadelphia
316,Maryland,Philadelphia
317,Virginia,Philadelphia
319,Susquehanna County,Philadelphia
320,South Carolina,Pennsylvania
321,Georgia,Philadelphia
322,South Carolina,Philadelphia
323,Pennsylvania,Philadelphia
324,Susquehanna County,Philadelphia
325,Susquehanna County,Philadelphia
326,Massachusetts,Philadelphia
327,Philadelphia,Massachusetts
331,Susquehanna County,Philadelphia
332,Susquehanna County,Philadelphia
333,Susquehanna County,Philadelphia
334,Pennsylvania,Philadelphia
335,Susquehanna County,Philadelphia
336,France,Philadelphia
337,Susquehanna County,Philadelphia
338,Philadelphia,Susquehanna County
339,Susquehanna County,Philadelphia
340,Susquehanna County,Philadelphia
342,Philadelphia,Philadelphia
344,Rhode Island,Philadelphia
345,Rhode Island,Philadelphia
348,Susquehanna County,Philadelphia
349,Philadelphia,Pennsylvania
351,Susquehanna County,Philadelphia
353,Susquehanna County,Philadelphia
354,Massachusetts,Philadelphia
355,Massachusetts,Philadelphia
356,Susquehanna County,Philadelphia
357,Susquehanna County,Philadelphia
358,Susquehanna County,Philadelphia
360,Philadelphia,Pennsylvania
361,Susquehanna County,Philadelphia
362,Massachusetts,Philadelphia
364,Massachusetts,Philadelphia
365,Susquehanna County,Philadelphia
366,Susquehanna County,Philadelphia
369,Massachusetts,Philadelphia
370,New Jersey,Susquehanna County
371,Susquehanna County,Philadelphia
374,New Jersey,Philadelphia
375,Pennsylvania,Philadelphia
376,Philadelphia,Susquehanna County
377,Philadelphia,Susquehanna County
379,Susquehanna County,Philadelphia
380,Susquehanna County,Philadelphia
381,Susquehanna County,Philadelphia
382,Washington (D.C.),Philadelphia
389,Philadelphia,New Jersey
390,Philadelphia,New Jersey
391,Philadelphia,New Jersey
392,Philadelphia,Massachusetts
395,Massachusetts,Massachusetts
396,Philadelphia,Indiana
398,Susquehanna County,Philadelphia
399,Philadelphia,Rhode Island
400,Susquehanna County,Philadelphia
402,Susquehanna County,Philadelphia
404,Susquehanna County,Philadelphia
408,Pennsylvania,Susquehanna County
409,New Jersey,Philadelphia
412,New Jersey,Philadelphia
413,Pennsylvania,Philadelphia
415,Susquehanna County,Philadelphia
416,Philadelphia,Philadelphia
417,Susquehanna County,Philadelphia
420,Susquehanna County,Philadelphia
423,New Jersey,Susquehanna County
424,Susquehanna County,Philadelphia
425,Philadelphia,New York (State)
429,Massachusetts,Rhode Island
430,New York (State),Philadelphia
431,Massachusetts,Philadelphia
433,Susquehanna County,Philadelphia
436,Delaware,Philadelphia
440,New York (State),Philadelphia
441,Quebec (Province),Philadelphia
442,New York (State),Philadelphia
443,Susquehanna County,Philadelphia
444,Massachusetts,Philadelphia
445,England,Philadelphia
447,Massachusetts,Philadelphia
449,Rhode Island,Philadelphia
451,Susquehanna County,Philadelphia
452,Susquehanna County,Philadelphia
453,Pennsylvania,Philadelphia
459,Susquehanna County,Philadelphia
461,North Carolina,Philadelphia
464,Massachusetts,Philadelphia
469,Philadelphia,New York (State)
470,Pennsylvania,Philadelphia
474,Pennsylvania,Philadelphia
475,Susquehanna County,Philadelphia
479,Philadelphia,Philadelphia
482,Susquehanna County,Philadelphia
483,Susquehanna County,Philadelphia
485,Pennsylvania,Philadelphia
487,Susquehanna County,Philadelphia
488,Susquehanna County,Philadelphia
489,Philadelphia,Susquehanna County
492,Philadelphia,New Jersey
493,Philadelphia,New Jersey
494,Susquehanna County,Philadelphia
495,Susquehanna County,Philadelphia
497,Susquehanna County,Philadelphia
498,Susquehanna County,Philadelphia
499,Susquehanna County,Philadelphia
501,Susquehanna County,Philadelphia
502,Susquehanna County,Philadelphia
503,Susquehanna County,Philadelphia
506,Susquehanna County,Philadelphia
508,Susquehanna County,Philadelphia
510,Philadelphia,Susquehanna County
511,Pennsylvania,Pennsylvania
512,Philadelphia,New Jersey
514,Philadelphia,Pennsylvania
515,Susquehanna County,Philadelphia
516,Philadelphia,Pennsylvania
519,Susquehanna County,Philadelphia
531,Susquehanna County,Philadelphia
534,Philadelphia,Susquehanna County
537,Susquehanna County,Philadelphia
539,Philadelphia,Pennsylvania
542,Philadelphia,Susquehanna County
546,Philadelphia,Susquehanna County
547,Pennsylvania,Philadelphia
551,Susquehanna County,Philadelphia
553,Susquehanna County,Philadelphia
559,Pennsylvania,Philadelphia
562,Pennsylvania,Pennsylvania
567,Iowa,Philadelphia
576,Susquehanna County,Philadelphia
577,Susquehanna County,Philadelphia
580,Susquehanna County,Philadelphia
583,Pennsylvania,Philadelphia
584,Susquehanna County,Philadelphia
585,New York (State),Philadelphia
586,Philadelphia,New Hampshire
593,Rhode Island,Philadelphia
594,Philadelphia,Philadelphia
596,Susquehanna County,Philadelphia
611,Philadelphia,Philadelphia
613,France,England
614,France,Philadelphia
625,Philadelphia,Susquehanna County
631,England,Philadelphia
636,Philadelphia,Philadelphia
654,Susquehanna County,Philadelphia
655,New York (State),Philadelphia
659,Susquehanna County,Philadelphia
662,Philadelphia,New Jersey
668,Rhode Island,Philadelphia
676,Susquehanna County,Philadelphia
703,Philadelphia,Rhode Island
706,Rhode Island,Philadelphia
709,Minnesota,Philadelphia
710,Minnesota,Philadelphia
711,Minnesota,Philadelphia
712,Minnesota,Philadelphia
713,Minnesota,Philadelphia
717,Philadelphia,Pennsylvania
723,Philadelphia,Pennsylvania
724,Philadelphia,Pennsylvania
726,Philadelphia,Pennsylvania
728,Philadelphia,Washington (D.C.)
732,New Jersey,Philadelphia
733,Philadelphia,Pennsylvania
739,Philadelphia,New Jersey
741,Philadelphia,Pennsylvania
743,Philadelphia,Philadelphia
754,Philadelphia,Washington (D.C.)
761,England,Philadelphia
762,England,Philadelphia
765,Philadelphia,Washington (D.C.)
771,New York (State),Philadelphia
776,New York (State),Philadelphia
779,Philadelphia,Rhode Island
782,Washington (D.C.),Philadelphia
789,Lookout Mountain (Appalachian Mountains),Philadelphia
802,Massachusetts,Philadelphia
812,Rhode Island,Philadelphia
818,Philadelphia,Rhode Island
832,Maryland,Philadelphia
837,Maryland,Philadelphia
838,Maryland,Philadelphia
839,Maryland,Philadelphia
841,Maryland,Pennsylvania
843,Maryland,Philadelphia
848,Lookout Mountain (Appalachian Mountains),Philadelphia
859,Rhode Island,Philadelphia
877,Philadelphia,Philadelphia
902,Philadelphia,New York (State)
904,New York (State),Philadelphia
906,New York (State),England
912,New York (State),England
919,Rhode Island,England
924,Rhode Island,England
925,Rhode Island,England
926,Rhode Island,England
927,Rhode Island,England
928,Rhode Island,England
929,Rhode Island,England
930,Rhode Island,England
931,Rhode Island,England
981,New Jersey,Philadelphia
984,New Jersey,Philadelphia
987,New Jersey,Philadelphia
988,New Jersey,Philadelphia
991,Philadelphia,New York (State)
993,Philadelphia,New York (State)
995,New Jersey,Philadelphia
1012,Pennsylvania,Rhode Island
1018,Philadelphia,Rhode Island
1020,Maryland,Susquehanna County
1024,Philadelphia,Rhode Island
1027,Philadelphia,Rhode Island
1028,Philadelphia,Rhode Island
1030,Philadelphia,Rhode Island
1036,Pennsylvania,Philadelphia
1046,New York (State),Philadelphia
1057,Philadelphia,Philadelphia
1084,Philadelphia,Pennsylvania
1089,Washington (D.C.),Philadelphia
1092,Philadelphia,Philadelphia
1095,Washington (D.C.),Philadelphia
1099,Washington (D.C.),Philadelphia
1102,Washington (D.C.),Philadelphia
1103,Washington (D.C.),Philadelphia
1104,Washington (D.C.),Philadelphia
1105,Washington (D.C.),Philadelphia
1106,Washington (D.C.),Philadelphia
1111,Philadelphia,Philadelphia
1112,New York (State),Philadelphia
1114,New York (State),Philadelphia
1117,Washington (D.C.),Philadelphia
1119,Philadelphia,England
1124,England,Philadelphia
1125,Pennsylvania,Philadelphia
1131,England,Philadelphia
1133,Maine,Philadelphia
1138,Maine,Philadelphia
1139,England,Philadelphia
1140,Philadelphia,Maine
1143,Maine,Philadelphia
1144,Washington (D.C.),Philadelphia
1145,Philadelphia,Washington (D.C.)
1146,Pennsylvania,England
1147,Philadelphia,Pennsylvania
1148,Philadelphia,Pennsylvania
1149,Washington (D.C.),Philadelphia
1151,Philadelphia,Philadelphia
1152,Philadelphia,Philadelphia
1154,New Jersey,Philadelphia
1155,Philadelphia,Philadelphia
1156,Philadelphia,New Jersey
1158,Virginia,Philadelphia
1160,Virginia,Philadelphia
1161,Virginia,Philadelphia
1162,Virginia,Philadelphia
1163,Virginia,Philadelphia
1164,Virginia,Philadelphia
1165,Virginia,Philadelphia
1166,Virginia,Philadelphia
1167,Philadelphia,Virginia
1169,Philadelphia,Virginia
1170,Virginia,Philadelphia
1171,Philadelphia,Philadelphia
1174,Philadelphia,Philadelphia
1175,Washington (D.C.),Philadelphia
1177,England,Philadelphia
1179,Pennsylvania,Philadelphia
1181,England,Philadelphia
1182,England,Philadelphia
1183,Philadelphia,England
1188,Philadelphia,Philadelphia
1189,New York (State),England
1193,England,Philadelphia
1195,Scotland,Philadelphia
1209,France,Philadelphia
1210,Philadelphia,France
1216,Philadelphia,France
1227,New York (State),Philadelphia
1228,Philadelphia,Italy
1254,Philadelphia,Rhode Island
1260,Philadelphia,Rhode Island
1261,Philadelphia,Rhode Island
1269,England,England
1272,Philadelphia,Rhode Island
1274,Susquehanna County,Philadelphia
1276,Philadelphia,Philadelphia
1279,Washington (D.C.),Philadelphia
1284,New York (State),England
1285,New York (State),England
1290,New York (State),England
1295,Susquehanna County,Philadelphia
1296,Susquehanna County,Philadelphia
1312,Italy,Philadelphia
1316,England,Philadelphia
1318,Italy,Philadelphia
1321,England,Italy
1323,Rhode Island,Philadelphia
1326,Switzerland,Philadelphia
1339,Washington (D.C.),Philadelphia
1342,Philadelphia,Philadelphia
1351,Washington (D.C.),Philadelphia
1352,Washington (D.C.),Philadelphia
1360,Maine,Philadelphia
1363,Philadelphia,Rhode Island
1366,Susquehanna County,Rhode Island
1369,Philadelphia,Rhode Island
1374,Philadelphia,Rhode Island
1381,Philadelphia,New York (State)
1389,France,Philadelphia
1391,Italy,Philadelphia
1392,Philadelphia,New Jersey
1393,Philadelphia,New Jersey
1395,Philadelphia,Susquehanna County
1402,Switzerland,Susquehanna County
1448,New York (State),Rhode Island
1460,Rhode Island,Philadelphia
1461,Susquehanna County,Rhode Island
1474,Philadelphia,Susquehanna County
1478,Rhode Island,Philadelphia
1480,Rhode Island,Philadelphia
1481,Rhode Island,Philadelphia
1482,Rhode Island,Philadelphia
1483,Rhode Island,Maryland
1484,Rhode Island,Maryland
1486,Philadelphia,Rhode Island
1496,Rhode Island,Philadelphia
1497,Rhode Island,Philadelphia
1498,Rhode Island,Philadelphia
1501,Rhode Island,Philadelphia
1502,Philadelphia,Rhode Island
1503,Rhode Island,Philadelphia
1505,Rhode Island,Philadelphia
1508,Rhode Island,Philadelphia
1509,Rhode Island,Philadelphia
1510,Rhode Island,Philadelphia
1511,Rhode Island,Philadelphia
1512,Rhode Island,Philadelphia
1513,Rhode Island,Philadelphia
1514,Rhode Island,Philadelphia
1516,Philadelphia,Rhode Island
1517,Rhode Island,Philadelphia
1518,Rhode Island,Philadelphia
1519,Rhode Island,Philadelphia
1520,Rhode Island,Philadelphia
1521,Rhode Island,Philadelphia
1522,Rhode Island,Philadelphia
1523,Philadelphia,Rhode Island
1524,Philadelphia,Rhode Island
1525,Philadelphia,Rhode Island
1526,Philadelphia,Rhode Island
1527,Philadelphia,Rhode Island
1528,Philadelphia,Rhode Island
1529,Philadelphia,Rhode Island
1530,Philadelphia,Rhode Island
1531,Philadelphia,Rhode Island
1532,Philadelphia,Rhode Island
1533,Philadelphia,Rhode Island
1534,Philadelphia,Rhode Island
1535,Philadelphia,Rhode Island
1537,Philadelphia,Rhode Island
1538,Philadelphia,Rhode Island
1541,Philadelphia,Rhode Island
1542,Philadelphia,Rhode Island
1543,Philadelphia,Rhode Island
1544,Philadelphia,Rhode Island
1545,Philadelphia,Rhode Island
1546,Philadelphia,Rhode Island
1547,Philadelphia,Rhode Island
1548,Philadelphia,Rhode Island
1550,Philadelphia,Rhode Island
1551,Philadelphia,Rhode Island
1552,Philadelphia,Rhode Island
1553,Susquehanna County,Rhode Island
1554,Philadelphia,Rhode Island
1555,Philadelphia,Rhode Island
1556,Philadelphia,Rhode Island
1557,Philadelphia,Rhode Island
1558,Philadelphia,Rhode Island
1560,Philadelphia,Rhode Island
1561,Philadelphia,Rhode Island
1563,Philadelphia,Rhode Island
1565,Philadelphia,Rhode Island
1566,Philadelphia,Rhode Island
1568,Rhode Island,Philadelphia
1570,Philadelphia,Rhode Island
1571,Philadelphia,Rhode Island
1573,Philadelphia,Rhode Island
1574,Philadelphia,Rhode Island
1575,Philadelphia,Rhode Island
1578,Philadelphia,Rhode Island
1579,Philadelphia,Rhode Island
1580,Philadelphia,Rhode Island
1583,Philadelphia,Rhode Island
1587,Philadelphia,Rhode Island
1589,Rhode Island,Philadelphia
1591,Philadelphia,Rhode Island
1596,Philadelphia,Rhode Island
1597,Rhode Island,Philadelphia
1598,Philadelphia,Rhode Island
1600,Philadelphia,Rhode Island
1616,Philadelphia,Philadelphia
1619,Susquehanna County,Philadelphia
1628,Philadelphia,Susquehanna County
1629,Susquehanna County,Philadelphia
1630,Philadelphia,Susquehanna County
1632,Philadelphia,Susquehanna County
1633,Philadelphia,Susquehanna County
1636,Philadelphia,Pennsylvania
1637,Maryland,Pennsylvania
1643,Philadelphia,Massachusetts
1651,Philadelphia,Susquehanna County
1658,Philadelphia,Susquehanna County
1661,Philadelphia,Susquehanna County
1666,Philadelphia,Susquehanna County
1669,England,Philadelphia
1672,Pennsylvania,Philadelphia
1679,Susquehanna County,Philadelphia
1689,Philadelphia,Susquehanna County
1700,Maryland,Philadelphia
1718,Philadelphia,Virginia
1730,Rhode Island,Susquehanna County
1756,Philadelphia,Susquehanna County
1763,Philadelphia,Susquehanna County
1768,Philadelphia,Susquehanna County
1773,Philadelphia,Philadelphia
1778,Philadelphia,Susquehanna County
1786,Philadelphia,Susquehanna County
1790,Philadelphia,Rhode Island
1810,Rhode Island,Philadelphia
1820,Philadelphia,Rhode Island
1822,Philadelphia,Susquehanna County
1824,Philadelphia,Susquehanna County
1840,Maryland,Philadelphia
1850,Rhode Island,Susquehanna County
1856,Philadelphia,Rhode Island
1859,Philadelphia,Susquehanna County
1868,Philadelphia,Susquehanna County
1869,Rhode Island,Philadelphia
1877,Susquehanna County,Philadelphia
1900,Philadelphia,Susquehanna County
1901,Philadelphia,Susquehanna County
1903,Susquehanna County,Rhode Island
1909,Philadelphia,Susquehanna County
1917,Susquehanna County,Rhode Island
1927,Virginia,Philadelphia
1929,Washington (D.C.),Philadelphia
1930,North Carolina,Philadelphia
1931,Washington (D.C.),Philadelphia
1932,South Carolina,Philadelphia
1934,Florida,Philadelphia
1935,Florida,Philadelphia
1940,Philadelphia,Philadelphia
1941,Philadelphia,Rhode Island
1949,Philadelphia,Philadelphia
1954,Florida,Pennsylvania
1983,Philadelphia,Susquehanna County
1984,Philadelphia,Rhode Island
1987,Philadelphia,Rhode Island
1988,Susquehanna County,Philadelphia
1990,Philadelphia,Susquehanna County
1994,Susquehanna County,Rhode Island
2004,Philadelphia,Rhode Island
2011,Philadelphia,Rhode Island
2023,Susquehanna County,Rhode Island
2026,Italy,Susquehanna County
2030,England,Philadelphia
2032,Delaware,Philadelphia
2033,Delaware,Philadelphia
2034,Delaware,Philadelphia
2035,Delaware,Philadelphia
2037,Delaware,Philadelphia
2038,Philadelphia,Philadelphia
2041,Delaware,Philadelphia
2042,Philadelphia,New Jersey
2043,Delaware,Philadelphia
2044,Philadelphia,New Jersey
2045,Delaware,Philadelphia
2049,Delaware,Philadelphia
2050,Delaware,Philadelphia
2052,Maryland,Rhode Island
2056,Delaware,Philadelphia
2062,New York (State),Pennsylvania
2068,New York (State),Philadelphia
2069,New York (State),Philadelphia
2081,Delaware,Philadelphia
2085,Rhode Island,Philadelphia
2087,Delaware,Philadelphia
2091,Rhode Island,Susquehanna County
2092,Rhode Island,Philadelphia
2094,Philadelphia,Rhode Island
2095,Philadelphia,Rhode Island
2103,Philadelphia,Rhode Island
2104,Philadelphia,Rhode Island
2105,Philadelphia,Rhode Island
2106,Philadelphia,Rhode Island
2107,Philadelphia,Rhode Island
2110,Philadelphia,Susquehanna County
2114,Philadelphia,Susquehanna County
2143,Delaware,Philadelphia
2146,Delaware,Philadelphia
2152,Delaware,Philadelphia
2155,Susquehanna County,Rhode Island
2157,Susquehanna County,Rhode Island
2166,Philadelphia,Rhode Island
2168,France,Pennsylvania
2172,England,Philadelphia
2173,Delaware,Philadelphia
2177,Pennsylvania,Pennsylvania
2178,Pennsylvania,Pennsylvania
2181,Pennsylvania,Pennsylvania
2182,Pennsylvania,Pennsylvania
2183,Pennsylvania,Pennsylvania
2184,Delaware,Philadelphia
2198,Switzerland,Philadelphia
2226,Delaware,Philadelphia
2233,Delaware,Philadelphia
2243,Philadelphia,Rhode Island
2249,Philadelphia,Susquehanna County
2250,Philadelphia,Pennsylvania
2259,Delaware,Philadelphia
2267,Delaware,Philadelphia
2281,Delaware,Philadelphia
2300,New York (State),Philadelphia
2307,Delaware,Philadelphia
2313,Delaware,Philadelphia
2318,Susquehanna County,Maine
2326,New York (State),Maine
2334,Philadelphia,Rhode Island
2338,Delaware,Philadelphia
2350,Delaware,Philadelphia
2351,Delaware,Philadelphia
2353,Delaware,Philadelphia
2354,Delaware,Philadelphia
2355,Delaware,Philadelphia
2356,Delaware,Philadelphia
2357,Delaware,Philadelphia
2358,Delaware,Philadelphia
2359,Delaware,Philadelphia
2360,Delaware,Philadelphia
2361,Delaware,Philadelphia
2362,Delaware,Philadelphia
2366,Delaware,Philadelphia
2367,Delaware,Philadelphia
2368,Delaware,Philadelphia
2369,Delaware,Philadelphia
2370,Delaware,Philadelphia
2373,Delaware,Philadelphia
2374,Philadelphia,Rhode Island
2378,Susquehanna County,Connecticut
2382,Delaware,Philadelphia
2383,Delaware,Philadelphia
2390,New Jersey,Philadelphia
2391,New Jersey,Philadelphia
2400,Delaware,Philadelphia
2402,Delaware,Philadelphia
2403,Delaware,Philadelphia
2412,Philadelphia,Pennsylvania
2414,Rhode Island,Pennsylvania
2417,New York (State),New Hampshire
2420,Delaware,Philadelphia
2422,Delaware,Philadelphia
2423,Philadelphia,Rhode Island
2426,Philadelphia,Susquehanna County
2434,Philadelphia,Susquehanna County
2437,Delaware,Philadelphia
2438,Delaware,Philadelphia
2439,Delaware,Philadelphia
2440,Delaware,Philadelphia
2442,Delaware,Philadelphia
2443,Philadelphia,Philadelphia
2449,New Jersey,Philadelphia
2453,Delaware,Philadelphia
2456,Delaware,Philadelphia
2457,Delaware,Philadelphia
2459,Rhode Island,New York (State)
2467,Delaware,Philadelphia
2474,Philadelphia,England
2475,Philadelphia,Pennsylvania
2477,Delaware,Philadelphia
2489,Massachusetts,Philadelphia
2490,Delaware,Philadelphia
2491,Delaware,Philadelphia
2492,Massachusetts,Philadelphia
2494,Massachusetts,Philadelphia
2495,Massachusetts,Philadelphia
2496,Delaware,Philadelphia
2497,Massachusetts,Philadelphia
2499,Massachusetts,Philadelphia
2503,Massachusetts,Philadelphia
2504,Massachusetts,Philadelphia
2512,Massachusetts,Philadelphia
2513,Massachusetts,Philadelphia
2516,Delaware,Philadelphia
2517,Delaware,Philadelphia
2518,Delaware,Philadelphia
2519,Delaware,Philadelphia
2535,Netherlands,England
2540,Massachusetts,Philadelphia
2541,Delaware,Philadelphia
2543,Delaware,Philadelphia
2554,Philadelphia,Maryland
2558,Pennsylvania,Delaware
2561,Delaware,Philadelphia
2566,Delaware,Philadelphia
2577,Delaware,Philadelphia
2580,Delaware,Philadelphia
2589,Delaware,Philadelphia
2593,Philadelphia,Philadelphia
2594,Philadelphia,Philadelphia
2595,Delaware,Philadelphia
2597,Delaware,Philadelphia
2600,Delaware,Philadelphia
2601,Delaware,Philadelphia
2602,Delaware,Philadelphia
2603,Philadelphia,Philadelphia
2607,Philadelphia,Philadelphia
2609,Delaware,Philadelphia
2611,Philadelphia,Susquehanna County
2612,Philadelphia,Susquehanna County
2613,Delaware,Philadelphia
2614,Philadelphia,Philadelphia
2615,Philadelphia,Philadelphia
2617,Delaware,Philadelphia
2619,Philadelphia,Susquehanna County
2620,Philadelphia,Philadelphia
2622,Susquehanna County,Massachusetts
2624,Delaware,Philadelphia
2626,Philadelphia,Philadelphia
2627,Philadelphia,Philadelphia
2628,Philadelphia,Philadelphia
2629,Delaware,Philadelphia
2633,Delaware,Philadelphia
2636,Delaware,Philadelphia
2639,Philadelphia,Philadelphia
2640,Philadelphia,Philadelphia
2641,Philadelphia,Philadelphia
2642,Philadelphia,Philadelphia
2643,Philadelphia,Philadelphia
2646,Philadelphia,Philadelphia
2648,Philadelphia,Maryland
2649,Scotland,Philadelphia
2651,Delaware,Philadelphia
2654,Delaware,Maine
2655,Maine,Philadelphia
2659,Delaware,Maine
2660,Delaware,Philadelphia
2662,Philadelphia,Maine
2666,Philadelphia,Maine
2669,Delaware,Maine
2672,Maine,Philadelphia
2678,Delaware,Maine
2681,Rhode Island,New Hampshire
2684,Philadelphia,Maine
2686,Delaware,Philadelphia
2691,Delaware,Philadelphia
2695,Delaware,Philadelphia
2697,Delaware,Philadelphia
2698,New Jersey,Philadelphia
2699,Philadelphia,Philadelphia
2700,Philadelphia,Philadelphia
2701,Philadelphia,Philadelphia
2703,Philadelphia,Susquehanna County
2704,Maryland,Louisiana
2709,New York (State),Rhode Island
2719,New Hampshire,Pennsylvania
2720,Philadelphia,Rhode Island
2734,Virginia,Philadelphia
2776,Philadelphia,Philadelphia
2777,Philadelphia,Philadelphia
2780,Philadelphia,Philadelphia
2783,Louisiana,Italy
2791,Louisiana,Italy
2797,Maine,Philadelphia
2831,Michigan,Italy
2841,England,Philadelphia
2848,Maine,Pennsylvania
2849,England,Philadelphia
2852,Maine,Pennsylvania
2870,Maine,Susquehanna County
2873,Virginia,Philadelphia
2874,Pennsylvania,Philadelphia
2899,Pennsylvania,Philadelphia
2913,Maine,Rhode Island
2914,Maine,Rhode Island
2916,Maine,Rhode Island
2919,Maine,Rhode Island
2920,Maine,Rhode Island
2972,Philadelphia,Michigan
2973,New York (State),Philadelphia
2984,Philadelphia,Philadelphia
3021,Philadelphia,Maine
3022,Philadelphia,Maine
3023,New York (State),Maine
3024,Philadelphia,Maine
3025,Susquehanna County,Maine
3027,Philadelphia,Maine
3028,Philadelphia,Pennsylvania
3031,Philadelphia,Pennsylvania
3036,Philadelphia,Maine
3040,Philadelphia,Philadelphia
3041,Philadelphia,Philadelphia
3042,Maine,Philadelphia
3043,Maine,Philadelphia
3045,New York (State),California
3047,Philadelphia,Philadelphia
3049,Iraq,Philadelphia
3052,Switzerland,Philadelphia
3053,Pennsylvania,Pennsylvania
3054,Netherlands,Philadelphia
3062,Susquehanna County,England
